threshold,accuracy,precision,recall,f1
0.3,0.8003389830508475,0.6074856046065259,0.7785977859778598,0.6824797843665769
0.35,0.8057627118644067,0.6169590643274854,0.7785977859778598,0.6884176182707994
0.4,0.8111864406779661,0.6285140562248996,0.7699876998769988,0.6920950801547816
0.45,0.8183050847457627,0.6432264736297828,0.7650676506765067,0.698876404494382
0.5,0.823728813559322,0.6556854410201913,0.7589175891758918,0.7035347776510832
